Bus,0,BusNum=10 ,10003
Bus,1,BusNum=12 ,10004
Bus,2,BusNum=13 ,10005
Bus,3,BusNum=14 ,10006
Bus,4,BusNum=15 ,10007
Bus,5,BusNum=16 ,10008
Bus,6,BusNum=17 ,10009
Bus,7,BusNum=18 ,10010
Bus,8,BusNum=19 ,10011
Bus,9,BusNum=1 ,10012
Bus,10,BusNum=20 ,10013
Bus,11,BusNum=21 ,10014
Bus,12,BusNum=24 ,10015
Bus,13,BusNum=27 ,10016
Bus,14,BusNum=28 ,10017
Bus,15,BusNum=29 ,10018
Bus,16,BusNum=30 ,10019
Bus,17,BusNum=31 ,10020
Bus,18,BusNum=32 ,10021
Bus,19,BusNum=33 ,10022
Bus,20,BusNum=34 ,10023
Bus,21,BusNum=35 ,10024
Bus,22,BusNum=37 ,10025
Bus,23,BusNum=38 ,10026
Bus,24,BusNum=39 ,10027
Bus,25,BusNum=3 ,10028
Bus,26,BusNum=40 ,10029
Bus,27,BusNum=41 ,10030
Bus,28,BusNum=44 ,10031
Bus,29,BusNum=47 ,10032
Bus,30,BusNum=48 ,10033
Bus,31,BusNum=50 ,10034
Bus,32,BusNum=53 ,10035
Bus,33,BusNum=54 ,10036
Bus,34,BusNum=55 ,10037
Bus,35,BusNum=56 ,10038
Bus,36,BusNum=5 ,10039
Branch,37,BusNum=10 LineCircuit=1 BusNum:1=13 ,10040
Branch,38,BusNum=10 LineCircuit=1 BusNum:1=19 ,10041
Branch,39,BusNum=10 LineCircuit=1 BusNum:1=39 ,10042
Branch,40,BusNum=12 LineCircuit=1 BusNum:1=17 ,10043
Branch,41,BusNum=12 LineCircuit=1 BusNum:1=18 ,10044
Branch,42,BusNum=12 LineCircuit=1 BusNum:1=27 ,10045
Branch,43,BusNum=12 LineCircuit=1 BusNum:1=40 ,10046
Branch,44,BusNum=12 LineCircuit=2 BusNum:1=40 ,10047
Branch,45,BusNum=13 LineCircuit=1 BusNum:1=55 ,10048
Branch,46,BusNum=14 LineCircuit=1 BusNum:1=34 ,10049
Branch,47,BusNum=14 LineCircuit=1 BusNum:1=44 ,10050
Branch,48,BusNum=15 LineCircuit=1 BusNum:1=16 ,10051
Branch,49,BusNum=15 LineCircuit=1 BusNum:1=24 ,10052
Branch,50,BusNum=15 LineCircuit=1 BusNum:1=54 ,10053
Branch,51,BusNum=15 LineCircuit=2 BusNum:1=54 ,10054
Branch,52,BusNum=15 LineCircuit=3 BusNum:1=54 ,10055
Branch,53,BusNum=16 LineCircuit=1 BusNum:1=27 ,10056
Branch,54,BusNum=17 LineCircuit=1 BusNum:1=19 ,10057
Branch,55,BusNum=18 LineCircuit=1 BusNum:1=37 ,10058
Branch,56,BusNum=18 LineCircuit=2 BusNum:1=37 ,10059
Branch,57,BusNum=1 LineCircuit=1 BusNum:1=31 ,10060
Branch,58,BusNum=1 LineCircuit=1 BusNum:1=40 ,10061
Branch,59,BusNum=20 LineCircuit=1 BusNum:1=34 ,10062
Branch,60,BusNum=20 LineCircuit=1 BusNum:1=48 ,10063
Branch,61,BusNum=20 LineCircuit=1 BusNum:1=50 ,10064
Branch,62,BusNum=21 LineCircuit=1 BusNum:1=48 ,10065
Branch,63,BusNum=21 LineCircuit=2 BusNum:1=48 ,10066
Branch,64,BusNum=24 LineCircuit=1 BusNum:1=44 ,10067
Branch,65,BusNum=28 LineCircuit=1 BusNum:1=29 ,10068
Branch,66,BusNum=28 LineCircuit=2 BusNum:1=29 ,10069
Branch,67,BusNum=29 LineCircuit=1 BusNum:1=41 ,10070
Branch,68,BusNum=30 LineCircuit=1 BusNum:1=32 ,10071
Branch,69,BusNum=30 LineCircuit=1 BusNum:1=41 ,10072
Branch,70,BusNum=31 LineCircuit=1 BusNum:1=28 ,10073
Branch,71,BusNum=31 LineCircuit=1 BusNum:1=38 ,10074
Branch,72,BusNum=32 LineCircuit=1 BusNum:1=29 ,10075
Branch,73,BusNum=33 LineCircuit=1 BusNum:1=32 ,10076
Branch,74,BusNum=33 LineCircuit=1 BusNum:1=50 ,10077
Branch,75,BusNum=35 LineCircuit=1 BusNum:1=31 ,10078
Branch,76,BusNum=35 LineCircuit=1 BusNum:1=39 ,10079
Branch,77,BusNum=35 LineCircuit=1 BusNum:1=56 ,10080
Branch,78,BusNum=39 LineCircuit=1 BusNum:1=38 ,10081
Branch,79,BusNum=39 LineCircuit=2 BusNum:1=38 ,10082
Branch,80,BusNum=39 LineCircuit=1 BusNum:1=40 ,10083
Branch,81,BusNum=39 LineCircuit=1 BusNum:1=47 ,10084
Branch,82,BusNum=3 LineCircuit=1 BusNum:1=40 ,10085
Branch,83,BusNum=3 LineCircuit=1 BusNum:1=41 ,10086
Branch,84,BusNum=44 LineCircuit=1 BusNum:1=41 ,10087
Branch,85,BusNum=44 LineCircuit=2 BusNum:1=41 ,10088
Branch,86,BusNum=47 LineCircuit=1 BusNum:1=53 ,10089
Branch,87,BusNum=48 LineCircuit=1 BusNum:1=47 ,10090
Branch,88,BusNum=48 LineCircuit=1 BusNum:1=54 ,10091
Branch,89,BusNum=54 LineCircuit=1 BusNum:1=53 ,10092
Branch,90,BusNum=54 LineCircuit=1 BusNum:1=55 ,10093
Branch,91,BusNum=56 LineCircuit=1 BusNum:1=29 ,10094
Branch,92,BusNum=5 LineCircuit=1 BusNum:1=18 ,10095
Branch,93,BusNum=5 LineCircuit=1 BusNum:1=44 ,10096
Gen,94,BusNum=14 GenID=1 ,10097
Gen,95,BusNum=28 GenID=1 ,10098
Gen,96,BusNum=28 GenID=2 ,10099
Gen,97,BusNum=31 GenID=1 ,10100
Gen,98,BusNum=44 GenID=1 ,10101
Gen,99,BusNum=48 GenID=1 ,10102
Gen,100,BusNum=50 GenID=1 ,10103
Gen,101,BusNum=53 GenID=1 ,10104
Gen,102,BusNum=54 GenID=1 ,10105
Load,103,BusNum=10 LoadID=1 ,10106
Load,104,BusNum=12 LoadID=1 ,10107
Load,105,BusNum=13 LoadID=1 ,10108
Load,106,BusNum=14 LoadID=1 ,10109
Load,107,BusNum=15 LoadID=1 ,10110
Load,108,BusNum=16 LoadID=1 ,10111
Load,109,BusNum=17 LoadID=1 ,10112
Load,110,BusNum=18 LoadID=1 ,10113
Load,111,BusNum=19 LoadID=1 ,10114
Load,112,BusNum=20 LoadID=1 ,10115
Load,113,BusNum=21 LoadID=1 ,10116
Load,114,BusNum=24 LoadID=1 ,10117
Load,115,BusNum=27 LoadID=1 ,10118
Load,116,BusNum=30 LoadID=1 ,10119
Load,117,BusNum=33 LoadID=1 ,10120
Load,118,BusNum=34 LoadID=1 ,10121
Load,119,BusNum=37 LoadID=1 ,10122
Load,120,BusNum=3 LoadID=1 ,10123
Load,121,BusNum=44 LoadID=1 ,10124
Load,122,BusNum=48 LoadID=1 ,10125
Load,123,BusNum=53 LoadID=1 ,10126
Load,124,BusNum=54 LoadID=1 ,10127
Load,125,BusNum=55 LoadID=1 ,10128
Load,126,BusNum=56 LoadID=1 ,10129
Load,127,BusNum=5 LoadID=1 ,10130
Shunt,128,BusNum=13 ShuntID=1 ,10131
Shunt,129,BusNum=14 ShuntID=1 ,10132
Shunt,130,BusNum=15 ShuntID=1 ,10133
Shunt,131,BusNum=16 ShuntID=1 ,10134
Shunt,132,BusNum=17 ShuntID=1 ,10135
Shunt,133,BusNum=18 ShuntID=1 ,10136
Shunt,134,BusNum=20 ShuntID=1 ,10137
Shunt,135,BusNum=44 ShuntID=1 ,10138
Transformer,136,BusNum=10 LineCircuit=1 BusNum:1=39 ,10139
Transformer,137,BusNum=12 LineCircuit=1 BusNum:1=40 ,10140
Transformer,138,BusNum=12 LineCircuit=2 BusNum:1=40 ,10141
Transformer,139,BusNum=1 LineCircuit=1 BusNum:1=40 ,10142
Transformer,140,BusNum=28 LineCircuit=1 BusNum:1=29 ,10143
Transformer,141,BusNum=28 LineCircuit=2 BusNum:1=29 ,10144
Transformer,142,BusNum=33 LineCircuit=1 BusNum:1=32 ,10145
Transformer,143,BusNum=35 LineCircuit=1 BusNum:1=31 ,10146
Transformer,144,BusNum=39 LineCircuit=1 BusNum:1=38 ,10147
Transformer,145,BusNum=39 LineCircuit=2 BusNum:1=38 ,10148
Transformer,146,BusNum=44 LineCircuit=1 BusNum:1=41 ,10149
Transformer,147,BusNum=44 LineCircuit=2 BusNum:1=41 ,10150
Transformer,148,BusNum=48 LineCircuit=1 BusNum:1=47 ,10151
Transformer,149,BusNum=54 LineCircuit=1 BusNum:1=53 ,10152
